Master ID,"Authors, Primary",Title Primary,Periodical Full,Pub Year,Name cohort,Country,High/Middle-Low income country (High=1),Study type,Age at baseline,Study period from,Study period to,n,Patient years,Outcome,Outcome 2,Events,rate
52,INITIO,"Virological and immunological outcomes at 3 years after starting antiretroviral therapy with regimens containing non-nucleoside reverse transcriptase inhibitor, protease inhibitor, or both in INITIO: open-label randomised trial.",Lancet,2006,INITIO,Multicentre,1,RCT,38.6,1999,2004,911,2733,Incidence - CVD,Incidence - CVD,33,0.012074643
52,INITIO,"Virological and immunological outcomes at 3 years after starting antiretroviral therapy with regimens containing non-nucleoside reverse transcriptase inhibitor, protease inhibitor, or both in INITIO: open-label randomised trial.",Lancet,2006,INITIO,Multicentre,1,RCT,38.6,1999,2004,911,2733,Incidence - MI,Incidence - MI,3,0.001097695
3753,"Womack,J. A.;Chang,C. -C H.;So-Armah,K. A.;Alcorn,C.;Baker,J. V.;Brown,S. T.;Budoff,M.;Butt,A. A.;Gibert,C.;Goetz,M. B.;Gottdiener,J.;Gottlieb,S.;Justice,A. C.;Leaf,D.;McGinnis,K.;Rimland,D.;Rodriguez-Barradas,M. C.;Sico,J.;Skanderson,M.;Tindle,H.;Tracy,R. P.;Warner,A.;Freiberg,M. S.",HIV infection and cardiovascular disease in women.,Journal of the American Heart Association,2014,VACS-VC,USA,1,Cohort study,44,2003,2009,710,4260,Incidence - CVD,Incidence - CVD,46,0.010798122
432,"Bhowmik,A.;Bhandari,S.;De,R.;Guha,S. K.",Predictors of mortality among HIV-infected patients initiating anti retroviral therapy at a tertiary care hospital in Eastern India.,Asian Pacific Journal of Tropical Medicine,2012,Eastern India,India,0,Cohort study,35,2009,2010,759,731,Mortality - CVD,Mortality - CVD,5,0.006839945
432,"Bhowmik,A.;Bhandari,S.;De,R.;Guha,S. K.",Predictors of mortality among HIV-infected patients initiating anti retroviral therapy at a tertiary care hospital in Eastern India.,Asian Pacific Journal of Tropical Medicine,2012,Eastern India,India,0,Cohort study,35,2009,2010,759,731,Mortality - Stroke,Mortality - Stroke,3,0.004103967
432,"Bhowmik,A.;Bhandari,S.;De,R.;Guha,S. K.",Predictors of mortality among HIV-infected patients initiating anti retroviral therapy at a tertiary care hospital in Eastern India.,Asian Pacific Journal of Tropical Medicine,2012,Eastern India,India,0,Cohort study,35,2009,2010,759,731,Mortality - MI,Mortality - MI,2,0.002735978
547,"Brothers,C. H.;Hernandez,J. E.;Cutrell,A. G.;Curtis,L.;Ait-Khaled,M.;Bowlin,S. J.;Hughes,S. H.;Yeo,J. M.;Lapierre,D. H.",Risk of myocardial infarction and abacavir therapy: No increased risk across 52 glaxosmithkline-sponsored clinical trials in adult subjects.,Journal of acquired immune deficiency syndromes,2009,52 Glaxo trials,UK,1,RCT,37,1997,2004,14174,11932,Incidence - MI,Incidence - MI,27,0.002262823
551,"Brouwer,E. S.;Napravnik,S.;Eron,Jr;J.J;Stalzer,B.;Floris-Moore,M.;Simpson,Jr;R.J;Sturmer,T.",Effects of combination antiretroviral therapies on the risk of myocardial infarction among HIV patients.,Epidemiology,2014,North Carolina,USA,1,Cohort study,41,2002,2008,3500,6399,Incidence - MI,Incidence - MI,38,0.005938428
789,"Cole,J. W.;Pinto,A. N.;Hebel,J. R.;Buchholz,D. W.;Earley,C. J.;Johnson,C. J.;Macko,R. F.;Price,T. R.;Sloan,M. A.;Stern,B. J.;Wityk,R. J.;Wozniak,M. A.;Kittner,S. J.",Acquired Immunodeficiency Syndrome and the Risk of Stroke.,Stroke,2004,BW-CYSS,USA,1,Cohort study,35.3,1988,1991,557,2826,Incidence - Stroke,Incidence - Stroke,6,0.002123142
820,"Cooper,D. A.;Heera,J.;Ive,P.;Botes,M.;Dejesus,E.;Burnside,R.;Clumeck,N.;Walmsley,S.;Lazzarin,A.;Mukwaya,G.;Saag,M.;Van Der Ryst,E.",Efficacy and safety of Maraviroc vs. Efavirenz in treatment-naive patients with HIV-1: 5-year findings.,AIDS,2014,MERIT,Multicentre,1,RCT,37,2004,2010,721,2447.4,Incidence - MI,Incidence - MI,11,0.004494566
825,"Coplan,P. M.;Nikas,A. A.;Leavitt,R. Y.;Doll,L.;Nessly,M. L.;DiNubile,M. J.;Guess,H. A.",Indinavir did not increase the short-term risk of adverse cardiovascular events relative to nucleoside reverse transcriptase inhibitor therapy in four phase III clinical trials.,AIDS,2001,Merck Phase III trials,USA,1,RCT,,,,2680,2597.4,Incidence - CVD,Incidence - CVD,15,0.005775006
825,"Coplan,P. M.;Nikas,A. A.;Leavitt,R. Y.;Doll,L.;Nessly,M. L.;DiNubile,M. J.;Guess,H. A.",Indinavir did not increase the short-term risk of adverse cardiovascular events relative to nucleoside reverse transcriptase inhibitor therapy in four phase III clinical trials.,AIDS,2001,Merck Phase III trials,USA,1,RCT,,,,2680,2597.4,Incidence - MI,Incidence - MI,6,0.002310002
825,"Coplan,P. M.;Nikas,A. A.;Leavitt,R. Y.;Doll,L.;Nessly,M. L.;DiNubile,M. J.;Guess,H. A.",Indinavir did not increase the short-term risk of adverse cardiovascular events relative to nucleoside reverse transcriptase inhibitor therapy in four phase III clinical trials.,AIDS,2001,Merck Phase III trials,USA,1,RCT,,,,2680,2597.4,Incidence - Stroke,Incidence - Stroke,3,0.001155001
834,"Corral,I.;Quereda,C.;Moreno,A.;Perez-Elias,M. -J;Dronda,F.;Casado,J. -L;Muriel,A.;Masjuan,J.;Alonso-De-Lecinana,M.;Moreno,S.",Cerebrovascular ischemic events in HIV-1-infected patients receiving highly active antiretroviral therapy: Incidence and risk factors.,Cerebrovascular Diseases,2009,Madrid,Spain,1,Cohort study,,1996,2008,2012,13228,Incidence - Stroke,Incidence - Stroke,25,0.00188993
1080,"Durand,M.;Sheehy,O.;Baril,J. -G;Lelorier,J.;Tremblay,C. L.","Association between HIV infection, antiretroviral therapy, and risk of acute myocardial infarction: A cohort and nested case-control study using Quebec's Public Health Insurance database.",,2011,Quebec,Canada,1,Cohort study,39.5,,2007,7053,35787,Incidence - MI,Incidence - MI,137,0.003828206
1126,"Escaut,L.;Monsuez,J. J.;Chironi,G.;Merad,M.;Teicher,E.;Smadja,D.;Simon,A.;Vittecoq,D.",Coronary artery disease in HIV infected patients.,Intensive care medicine,2003,France (Vittecoq),France,1,Cohort study,43,,,840,2520,Incidence - MI,Incidence - MI,17,0.006746032
1138,"Evers,S.;Nabavi,D.;Rahmann,A.;Heese,C.;Reichelt,D.;Husstedt,I. -W",Ischaemic cerebrovascular events in HIV infection: A cohort study.,Cerebrovascular Diseases,2003,M_nster,Germany,1,Cohort study,36,1993,2001,772,6944,Incidence - Stroke,Incidence - Stroke,15,0.002160138
1146,"Falster,K.;Choi,J. Y.;Donovan,B.;Duncombe,C.;Mulhall,B.;Sowden,D.;Zhou,J.;Law,M. G.",AIDS-related and non-AIDS-related mortality in the Asia-Pacific region in the era of combination antiretroviral treatment.,AIDS,2009,AHOD,Australia,1,Cohort study,41,1999,2007,1594,7630,Mortality - CVD,Mortality - CVD,13,0.001703801
1146,"Falster,K.;Choi,J. Y.;Donovan,B.;Duncombe,C.;Mulhall,B.;Sowden,D.;Zhou,J.;Law,M. G.",AIDS-related and non-AIDS-related mortality in the Asia-Pacific region in the era of combination antiretroviral treatment.,,2009,TAHOD low,Asia - low,0,Cohort study,36,2003,2007,1557,3091,Mortality - CVD,Mortality - CVD,5,0.001617599
1146,"Falster,K.;Choi,J. Y.;Donovan,B.;Duncombe,C.;Mulhall,B.;Sowden,D.;Zhou,J.;Law,M. G.",AIDS-related and non-AIDS-related mortality in the Asia-Pacific region in the era of combination antiretroviral treatment.,,2009,AHOD,Australia,1,Cohort study,41,1999,2007,1594,7630,Mortality - MI,Mortality - MI,6,0.00078637
1146,"Falster,K.;Choi,J. Y.;Donovan,B.;Duncombe,C.;Mulhall,B.;Sowden,D.;Zhou,J.;Law,M. G.",AIDS-related and non-AIDS-related mortality in the Asia-Pacific region in the era of combination antiretroviral treatment.,,2009,TAHOD high,Asia - high income,1,Cohort study,38,2003,2007,1101,2645,Mortality - CVD,Mortality - CVD,1,0.000378072
8007,"Sico,J.; Chang CC2, So-Armah K2, Justice AC2, Hylek E2, Skanderson M2, McGinnis K2, Kuller LH2, Kraemer KL2, Rimland D2, Bidwell Goetz M2, Butt AA2, Rodriguez-Barradas MC2, Gibert C2, Leaf D2, Brown ST2, Samet J2, Kazis L2, Bryant K2, Freiberg MS2; Veterans Aging Cohort Study.",HIV status and the risk of ischemic stroke among men,Neurology.,2015,VACS-VC,USA,1,Cohort study,,2003,2009,25355,149595,Incidence - Stroke,Incidence - Stroke,910,
1346,"Gillis,J.;Smieja,M.;Cescon,A.;Rourke,S. B.;Burchell,A. N.;Cooper,C.;Raboud,J. M.",Risk of cardiovascular disease associated with HCV and HBV coinfection among antiretroviral-treated HIV-infected individuals.,Antiviral Therapy,2014,Ontario,Canada,1,Cohort study,36,1995,2011,4501,19914,Incidence - CVD,Incidence - CVD,170,0.008536708
1346,"Gillis,J.;Smieja,M.;Cescon,A.;Rourke,S. B.;Burchell,A. N.;Cooper,C.;Raboud,J. M.",Risk of cardiovascular disease associated with HCV and HBV coinfection among antiretroviral-treated HIV-infected individuals.,Antiviral Therapy,2014,Ontario,Canada,1,Cohort study,36,1995,2011,4501,19914,Incidence - MI,Incidence - MI,42,0.002109069
1346,"Gillis,J.;Smieja,M.;Cescon,A.;Rourke,S. B.;Burchell,A. N.;Cooper,C.;Raboud,J. M.",Risk of cardiovascular disease associated with HCV and HBV coinfection among antiretroviral-treated HIV-infected individuals.,Antiviral Therapy,2014,Ontario,Canada,1,Cohort study,36,1995,2011,4501,19914,Incidence - Stroke,Incidence - Stroke,26,0.001305614
1458,"Gulick,R. M.;Fatkenheuer,G.;Burnside,R.;Hardy,W. D.;Nelson,M. R.;Goodrich,J.;Mukwaya,G.;Portsmouth,S.;Heera,J. R.",Five-year safety evaluation of maraviroc in HIV-1-infected treatment-experienced patients.,Journal of acquired immune deficiency syndromes,2014,MOTIVATE1/2,USA+Europe+Australia,1,RCT,46,,,938,2639,Incidence - MI,Incidence - MI,26,0.009852217
1458,"Gulick,R. M.;Fatkenheuer,G.;Burnside,R.;Hardy,W. D.;Nelson,M. R.;Goodrich,J.;Mukwaya,G.;Portsmouth,S.;Heera,J. R.",Five-year safety evaluation of maraviroc in HIV-1-infected treatment-experienced patients.,Journal of acquired immune deficiency syndromes,2014,MOTIVATE1/2,USA+Europe+Australia,1,RCT,46,,,938,2639,Mortality - CVD,Mortality - CVD,5,0.001894657
1581,"Holmberg,S. D.;Moorman,A. C.;Williamson,J. M.;Tong,T. C.;Ward,D. J.;Wood,K. C.;Greenberg,A. E.;Janssen,R. S.",Protease inhibitors and cardiovascular outcomes in patients with HIV-1.,Lancet,2002,HOPS,USA,1,Cohort study,42.6,1993,2002,5672,17712.4,Incidence - MI,Incidence - MI,21,0.00118561
1648,"Iloeje,U. H.;Yuan,Y.;L'Italien,G.;Mauskopf,J.;Holmberg,S. D.;Moorman,A. C.;Wood,K. C.;Moore,R. D.",Protease inhibitor exposure and increased risk of cardiovascular disease in HIV-infected patients.,HIV Medicine,2005,Insight,USA,1,Cohort study,39,1996,2003,7542,23765,Incidence - CVD,Incidence - CVD,127,0.005343993
1648,"Iloeje,U. H.;Yuan,Y.;L'Italien,G.;Mauskopf,J.;Holmberg,S. D.;Moorman,A. C.;Wood,K. C.;Moore,R. D.",Protease inhibitor exposure and increased risk of cardiovascular disease in HIV-infected patients.,HIV Medicine,2005,Insight,USA,1,Cohort study,39,1996,2003,7542,23765,Incidence - MI,Incidence - MI,30,0.001262361
1648,"Iloeje,U. H.;Yuan,Y.;L'Italien,G.;Mauskopf,J.;Holmberg,S. D.;Moorman,A. C.;Wood,K. C.;Moore,R. D.",Protease inhibitor exposure and increased risk of cardiovascular disease in HIV-infected patients.,HIV Medicine,2005,Insight,USA,1,Cohort study,39,1996,2003,7542,23765,Incidence - Stroke,Incidence - Stroke,29,0.001220282
1866,"Klein,D. B.;Leyden,W. A.;Xu,L.;Chao,C. R.;Horberg,M. A.;Towner,W. J.;Hurley,L. B.;Marcus,J. L.;Quesenberry,C. P.;Silverberg,M. J.",Declining relative risk for myocardial infarction among HIV-positive compared with HIV-negative individuals with access to care.,Clinical Infectious Diseases,2015,KPNC KPSC,USA,1,Cohort study,41,1996,2011,24768,119587,Incidence - MI,Incidence - MI,320,0.002675876
1991,"Lang,S.;Mary-Krause,M.;Cotte,L.;Gilquin,J.;Partisani,M.;Simon,A.;Boccara,F.;Costagliola,D.",Impact of individual antiretroviral drugs on the risk of myocardial infarction in human immunodeficiency virus-infected patients: A case-control study nested within the French hospital database on HIV ANRS cohort CO4.,Archives of Internal Medicine,2010,FHDH ANRS,France,1,Cohort study,47,2000,2006,74958,298156,Incidence - MI,Incidence - MI,360,0.001207422
2245,"Marcus,J. L.;Leyden,W. A.;Chao,C. R.;Chow,F. C.;Horberg,M. A.;Hurley,L. B.;Klein,D. B.;Quesenberry,Jr;C.P;Towner,W. J.;Silverberg,M. J.",HIV infection and incidence of ischemic stroke.,AIDS,2014,KPNC KPSC,USA,1,Cohort study,41,1996,2011,24768,120588,Incidence - Stroke,Incidence - Stroke,151,0.001252198
2284,"Mary-Krause,M.;Cotte,L.;Simon,A.;Partisani,M.;Costagliola,D.",Increased risk of myocardial infarction with duration of protease inhibitor therapy in HIV-infected men.,AIDS,2003,FHDH,France,1,Cohort study,38,1996,1999,34976,88029,Incidence - MI,Incidence - MI,60,0.000681594
2296,"Mateen,F. J.;Shinohara,R. T.;Carone,M.;Miller,E. N.;McArthur,J. C.;Jacobson,L. P.;Sacktor,N.","Neurologic disorders incidence in HIV+ vs HIV-men Multicenter AIDS Cohort Study, 1996-2011.",Neurology,2012,MACS,USA,1,Cohort study,41,1996,2011,1776,17159,Incidence - Stroke,Incidence - Stroke,22,0.001282126
2439,"Monforte,A. D.;Reiss,P.;Ryom,L.;El-Sadr,W.;Dabis,F.;De Wit,S.;Worm,S. W.;Law,M. G.;Weber,R.;Kirk,O.;Pradier,C.;Phillips,A. N.;Lundgren,J. D.;Sabin,C. A.",Atazanavir is not associated with an increased risk of cardio or cerebrovascular disease events.,AIDS,2013,DAD,DAD,1,Cohort study,43,1999,2011,49734,301907,Incidence - MI,Incidence - MI,844,0.002795563
2439,"Monforte,A. D.;Reiss,P.;Ryom,L.;El-Sadr,W.;Dabis,F.;De Wit,S.;Worm,S. W.;Law,M. G.;Weber,R.;Kirk,O.;Pradier,C.;Phillips,A. N.;Lundgren,J. D.;Sabin,C. A.",Atazanavir is not associated with an increased risk of cardio or cerebrovascular disease events.,AIDS,2013,DAD,DAD,1,Cohort study,43,1999,2011,49734,303118,Incidence - Stroke,Incidence - Stroke,523,0.001725401
2817,"Pinzon,O. W.;Enciso,J. S.;Romero,J.;Makani,H.;Fefer,J.;Gandhi,V.;Bangalore,S.;Chaudhry,F. A.",Risk stratification and prognosis of human immunodeficiency virus-infected patients with known or suspected coronary artery disease referred for stress echocardiography.,Circulation: Cardiovascular Imaging,2011,NYC,USA,1,Cohort study,52,,,311,902,Incidence - MI,Incidence - MI,17,0.018847007
2817,"Pinzon,O. W.;Enciso,J. S.;Romero,J.;Makani,H.;Fefer,J.;Gandhi,V.;Bangalore,S.;Chaudhry,F. A.",Risk stratification and prognosis of human immunodeficiency virus-infected patients with known or suspected coronary artery disease referred for stress echocardiography.,Circulation: Cardiovascular Imaging,2011,NYC,USA,1,Cohort study,52,,,311,902,Mortality - MI,Mortality - MI,14,0.015521064
2954,"Ribaudo,H. J.;Benson,C. A.;Zheng,Y.;Koletar,S. L.;Collier,A. C.;Lok,J. J.;Smurzynski,M.;Bosch,R. J.;Bastow,B.;Schouten,J. T.",No risk of myocardial infarction associated with initial antiretroviral treatment containing abacavir: Short and long-term results from ACTG A5001/ALLRT.,Clinical Infectious Diseases,2011,ACTG A5001 ALLRT,USA,1,RCT,37,1998,2007,5056,17404,Incidence - MI,Incidence - MI,36,0.00206849
3029,"Ruppik,M.;Spoerri,A.;Kowalska,J.;Barth,J.;Battegay,M.;Bernasconi,E.;Boni,J.;Bucher,H. C.;Burton-Jeangros,C.;Calmy,A.;Cavassini,M.;Cellerai,C.;Egger,M.;Elzi,L.;Fehr,J.;Fellay,J.;Flepp,M.;Francioli,P.;Furrer,H.;Fux,C. A.;Gorgievski,M.;Gunthard,H.;Haerry,D.;Hasse,B.;Hirsch,H. H.;Hirschel,B.;Hosli,I.;Kahlert,C.;Kaiser,L.;Keiser,O.;Kind,C.;Klimkait,T.;Kovari,H.;Ledergerber,B.;Martinetti,G.;Martinez de Tejada,B.;Metzner,K.;Muller,N.;Nadal,D.;Pantaleo,G.;Rauch,A.;Regenass,S.;Rickenbach,M.;Rudin,C.;Schmid,P.;Schultze,D.;Schoni-Affolter,F.;Schupbach,J.;Speck,R.;Taffe,P.;Tarr,P.;Telenti,A.;Trkola,A.;Vernazza,P.;Weber,R.;Yerly,S.",Decreasing mortality and changing patterns of causes of death in the Swiss HIV Cohort Study.,HIV Medicine,2013,Swiss HIV,Switzerland,1,Cohort study,,2005,2009,9053,36720,Mortality - CVD,Mortality - CVD,50,0.001361656
3029,"Ruppik,M.;Spoerri,A.;Kowalska,J.;Barth,J.;Battegay,M.;Bernasconi,E.;Boni,J.;Bucher,H. C.;Burton-Jeangros,C.;Calmy,A.;Cavassini,M.;Cellerai,C.;Egger,M.;Elzi,L.;Fehr,J.;Fellay,J.;Flepp,M.;Francioli,P.;Furrer,H.;Fux,C. A.;Gorgievski,M.;Gunthard,H.;Haerry,D.;Hasse,B.;Hirsch,H. H.;Hirschel,B.;Hosli,I.;Kahlert,C.;Kaiser,L.;Keiser,O.;Kind,C.;Klimkait,T.;Kovari,H.;Ledergerber,B.;Martinetti,G.;Martinez de Tejada,B.;Metzner,K.;Muller,N.;Nadal,D.;Pantaleo,G.;Rauch,A.;Regenass,S.;Rickenbach,M.;Rudin,C.;Schmid,P.;Schultze,D.;Schoni-Affolter,F.;Schupbach,J.;Speck,R.;Taffe,P.;Tarr,P.;Telenti,A.;Trkola,A.;Vernazza,P.;Weber,R.;Yerly,S.",Decreasing mortality and changing patterns of causes of death in the Swiss HIV Cohort Study.,HIV Medicine,2013,Swiss HIV,Switzerland,1,Cohort study,,2005,2009,9053,36720,Mortality - MI,Mortality - MI,14,0.000381264
3029,"Ruppik,M.;Spoerri,A.;Kowalska,J.;Barth,J.;Battegay,M.;Bernasconi,E.;Boni,J.;Bucher,H. C.;Burton-Jeangros,C.;Calmy,A.;Cavassini,M.;Cellerai,C.;Egger,M.;Elzi,L.;Fehr,J.;Fellay,J.;Flepp,M.;Francioli,P.;Furrer,H.;Fux,C. A.;Gorgievski,M.;Gunthard,H.;Haerry,D.;Hasse,B.;Hirsch,H. H.;Hirschel,B.;Hosli,I.;Kahlert,C.;Kaiser,L.;Keiser,O.;Kind,C.;Klimkait,T.;Kovari,H.;Ledergerber,B.;Martinetti,G.;Martinez de Tejada,B.;Metzner,K.;Muller,N.;Nadal,D.;Pantaleo,G.;Rauch,A.;Regenass,S.;Rickenbach,M.;Rudin,C.;Schmid,P.;Schultze,D.;Schoni-Affolter,F.;Schupbach,J.;Speck,R.;Taffe,P.;Tarr,P.;Telenti,A.;Trkola,A.;Vernazza,P.;Weber,R.;Yerly,S.",Decreasing mortality and changing patterns of causes of death in the Swiss HIV Cohort Study.,HIV Medicine,2013,Swiss HIV,Switzerland,1,Cohort study,,2005,2009,9053,36720,Mortality - Stroke,Mortality - Stroke,14,0.000381264
3050,"Sabin,C. A.;Ryom,L.;Wit,S. D.;Mocroft,A.;Phillips,A. N.;Worm,S. W.;Weber,R.;Monforte,A. D.;Reiss,P.;Kamara,D.;El-Sadr,W.;Pradier,C.;Dabis,F.;Law,M.;Lundgren,J.",Associations between immune depression and cardiovascular events in HIV infection.,AIDS,2013,DAD,DAD,1,Cohort study,38,1999,2011,33301,221505,Incidence - CVD,Incidence - CVD,1284,0.005796709
3111,"Sarfo,F. S.;Sarfo,M. A.;Norman,B.;Phillips,R.;Bedu-Addo,G.;Chadwick,D.","Risk of deaths, AIDS-defining and non-AIDS defining events among Ghanaians on long-term combination antiretroviral therapy.",PLoS ONE,2014,Ghana,Ghana,0,Cohort study,38,2004,2011,10400,11236.8,Incidence - Stroke,Incidence - Stroke,8,0.000711946
3524,"Triant,V. A.;Lee,H.;Hadigan,C.;Grinspoon,S. K.",Increased acute myocardial infarction rates and cardiovascular risk factors among patients with human immunodeficiency virus disease.,Journal of Clinical Endocrinology and Metabolism,2007,RPDR,USA,1,Cohort study,38,1996,2004,3851,16983,Incidence - MI,Incidence - MI,189,0.011128776
3539,"Tseng,Z. H.;Secemsky,E. A.;Dowdy,D.;Vittinghoff,E.;Moyers,B.;Wong,J. K.;Havlir,D. V.;Hsue,P. Y.",Sudden cardiac death in patients with human immunodeficiency virus infection.,Journal of the American College of Cardiology,2012,San Fransisco US,USA,1,,39,2000,2009,2860,10582,Mortality -Sudden cardiac death,Mortality - MI,30,0.002835003
3921,"Althoff,K. N.;McGinnis,K. A.;Wyatt,C. M.;Freiberg,M. S.;Gilbert,C.;Oursler,K. K.;Rimland,D.;RodriguezBarradas,M. C.;Dubrow,R.;Park,L. S.;Skanderson,M.;Shiels,M. S.;Gange,S. J.;Gebo,K. A.;Justice,A. C.","Comparison of risk and age at diagnosis of myocardial infarction, end-stage renal disease, and non-AIDS-defining cancer in HIV-infected versus uninfected adults.",Clinical Infectious Diseases,2015,VACS,USA,1,Cohort study,48,2003,2010,27253,144346,Incidence - MI,Incidence - MI,291,0.002015989
3861,"Zoufaly,A.;Cozzi-Lepri,A.;Reekie,J.;Kirk,O.;Lundgren,J.;Reiss,P.;Jevtovic,D.;Machala,L.;Zangerle,R.;Mocroft,A.;Van Lunzen,J.",Immuno-virological discordance and the risk of non-AIDS and AIDS events in a large observational cohort of HIV-patients in Europe.,PLoS ONE,2014,EuroSIDA,Europe+Argentina+Israel,,Cohort study,42,2001,2011,2913,11491,Incidence - Stroke,Incidence - Stroke,46,0.004003133
3917,"Aldaz, P.;MorenoIribas,C.;Egues,N.;Irisarri,F.;Floristan,Y.;SolaBoneta,J.;MartinezArtola,V.;Sagredo,M.;Castilla,J.",Mortality by causes in HIV-infected adults: comparison with the general population.,BMC Public Health; 2011,2011,Navarre Spain,Spain,1,Cohort study,,1999,2006,1145,7113,Mortality - CVD,Mortality - CVD,8,0.001124701
4038,"Bozette,S.A.",Cardiovascular and cerebrovascular events in patients treated for HIV infection,,2003,VA-CCR,USA,1,Cohort study,,1993,2001,36766,121936,Incidence - CVD,Incidence - CVD,1764,0.014466605
3973,"Barbaro,G.;Lorenzo,G. di;Cirelli,A.;Grisorio,B.;Lucchini,A.;Hazra,C.;Barbarini,G.","An open-label, prospective, observational study of the incidence of coronary artery disease in patients with HIV infection receiving highly active antiretroviral therapy.",Clinical therapeutics,2003,Italy,Italy,1,Cohort study,35,1999,2002,1551,4653,Incidence - MI,Incidence - MI,13,0.002793896
3993,"Belloso,W. H.;Orellana,L. C.;Grinsztejn,B.;Madero,J. S.;Rosa,A. la;Veloso,V. G.;Sanchez,J.;Moreira,R. I.;CrabtreeRamirez,B.;Garcia Messina,O.;Lasala,M. B.;Peinado,J.;Losso,M. H.",Analysis of serious non-AIDS events among HIV-infected adults at Latin American sites.,HIV Medicine,2010,LATINA,Latin America,0,,,1997,2007,6007,15018,Incidence - CVD,Incidence - CVD,40,0.002663471
3993,"Belloso,W. H.;Orellana,L. C.;Grinsztejn,B.;Madero,J. S.;Rosa,A. la;Veloso,V. G.;Sanchez,J.;Moreira,R. I.;CrabtreeRamirez,B.;Garcia Messina,O.;Lasala,M. B.;Peinado,J.;Losso,M. H.",Analysis of serious non-AIDS events among HIV-infected adults at Latin American sites.,HIV Medicine,2010,LATINA,Latin America,0,,,1997,2007,6007,15018,Incidence - Stroke,Incidence - Stroke,16,0.001065388
3993,"Belloso,W. H.;Orellana,L. C.;Grinsztejn,B.;Madero,J. S.;Rosa,A. la;Veloso,V. G.;Sanchez,J.;Moreira,R. I.;CrabtreeRamirez,B.;Garcia Messina,O.;Lasala,M. B.;Peinado,J.;Losso,M. H.",Analysis of serious non-AIDS events among HIV-infected adults at Latin American sites.,HIV Medicine,2010,LATINA,Latin America,0,,,1997,2007,6007,15018,Incidence - MI,Incidence - MI,11,0.000732454
4004,"Berry,S. A.;Fleishman,J. A.;Moore,R. D.;Gebo,K. A.","Trends in reasons for hospitalization in a multisite United States cohort of persons living with HIV, 2001-2008.","JAIDS, Journal of Acquired Immune Deficiency Syndromes",2012,HIVRN,USA,1,Cohort study,40,2001,2008,11645,40499,Incidence - MI,Incidence - MI,145,0.003580335
4005,"Berry,S. A.;Gebo,K. A.;Rutstein,R. M.;Althoff,K. N.;Korthuis,P. T.;Gaur,A. H.;Spector,S. A.;Warford,R.;Yehia,B. R.;Agwu,A. L.",Trends in hospitalizations among children and young adults with perinatally acquired HIV.,Pediatric Infectious Disease Journal,2014,HIVRN,USA,1,Cohort study,10,2003,2010,579,3516,Incidence - CVD,Incidence - CVD,12,0.003412969
4028,"Bonnet,F.;Chene,G.;Thiebaut,R.;Dupon,M.;LawsonAyayi,S.;Pellegrin,J. L.;Dabis,F.;Morlat,P.","Trends and determinants of severe morbidity in HIV-infected patients: the ANRS CO3 Aquitaine Cohort, 2000-2004.",HIV Medicine,2007,ANRS,France,1,Cohort study,40,2000,2004,3650,11357,Incidence - CVD,Incidence - CVD,159,0.014000176
4028,"Bonnet,F.;Chene,G.;Thiebaut,R.;Dupon,M.;LawsonAyayi,S.;Pellegrin,J. L.;Dabis,F.;Morlat,P.","Trends and determinants of severe morbidity in HIV-infected patients: the ANRS CO3 Aquitaine Cohort, 2000-2004.",HIV Medicine,2007,ANRS,France,1,Cohort study,,2000,2004,3650,11357,Incidence - MI,Incidence - MI,51,0.004490623
4028,"Bonnet,F.;Chene,G.;Thiebaut,R.;Dupon,M.;LawsonAyayi,S.;Pellegrin,J. L.;Dabis,F.;Morlat,P.","Trends and determinants of severe morbidity in HIV-infected patients: the ANRS CO3 Aquitaine Cohort, 2000-2004.",HIV Medicine,2007,ANRS,France,1,Cohort study,,2000,2004,3650,11357,Incidence - Stroke,Incidence - Stroke,33,0.002905697
515,"Bozzette,S. A.;Ake,C. F.;Tam,H. K.;Phippard,A.;Cohen,D.;Scharfstein,D. O.;Louis,T. A.",Long-term survival and serious cardiovascular events in HIV-infected patients treated with highly active antiretroviral therapy.,Journal of acquired immune deficiency syndromes,2008,VA-CCR,USA,1,Cohort study,,1993,2003,41213,168213,Incidence - MI,Incidence - MI,1735,0.010314304
379,"Bedimo,R.;Westfall,A. O.;Mugavero,M.;Drechsler,H.;Khanna,N.;Saag,M.",Hepatitis C virus coinfection and the risk of cardiovascular disease among HIV-infected patients.,HIV Medicine,2010,VA-CCR,USA,1,Cohort study,46.2,1996,2004,19424,75000,Incidence - Stroke,Incidence - Stroke,868,0.011573333
4127,"Chow,F. C.;Regan,S.;Feske,S.;Meigs,J. B.;Grinspoon,S. K.;Triant,V. A.",Comparison of ischemic stroke incidence in HIV-infected and non-HIV-infected patients in a US health care system.,"JAIDS, Journal of Acquired Immune Deficiency Syndromes",2012,RPDR,USA,1,Cohort study,41.6,1996,2009,4308,25100,Incidence - Stroke,Incidence - Stroke,132,0.005258964
4240,"Ehren,K.;Hertenstein,C.;Kummerle,T.;Vehreschild,J. J.;Fischer,J.;Gillor,D.;Wyen,C.;Lehmann,C.;Cornely,O. A.;Jung,N.;Gravemann,S.;Platten,M.;Wasmuth,J. C.;Rockstroh,J. K.;Boesecke,C.;SchwarzeZander,C.;Fatkenheuer,G.",Causes of death in HIV-infected patients from the Cologne-Bonn cohort.,Infection,2014,Cologne-Bonn,Germany,1,Cohort study,47,2004,2010,3165,22155,Mortality - CVD,Mortality - CVD,14,0.000631912
4279,"Flexor,G.;Zucman,D.;Berthe,H.;Meier,F.;Force,G.;GrederBelan,A.;Billy,C.;Dupont,C.;Mortier,E.;Bizard,A.;Rouveix,E.;Truchis,P.;France,COREVIH Ile-de-France Ouest",Aging and HIV infection: 4 years follow-up of 149 HIV infected patients older than 60 years in West Paris agglomeration (COREVIH* Ile-de-France Ouest). (Special Issue: Prise en charge du diabete de type 2.) [French],Presse Medicale,2013,COREVIH,France,1,Cohort study,65.4,2000,2004,132,500,Mortality - CVD,Mortality - CVD,4,0.008
4538,"Krentz,H. B.;Kliewer,G.;Gill,M. J.","Changing mortality rates and causes of death for HIV-infected individuals living in Southern Alberta, Canada from 1984 to 2003.",HIV Medicine,2005,SAC Southern Alberta,Canada,1,Cohort study,,1984,2003,1987,6955,Mortality - CVD,Mortality - CVD,12,0.001725377
4732,"Miller,C. J.;Baker,J. V.;Bormann,A. M.;Erlandson,K. M.;Hullsiek,K. H.;Justice,A. C.;Neuhaus,J.;Paredes,R.;Petoumenos,K.;Wentworth,D.;Winston,A.;Wolfson,J.;Neaton,J. D.",Adjudicated morbidity and mortality outcomes by age among individuals with HIV infection on suppressive antiretroviral therapy.,PLoS ONE; 2014,2014,SMART/ESPRIT,Multicentre,1,RCT,42,,2008,3570,15351,Incidence - CVD,Incidence - CVD,79,0.005146245
4732,"Miller,C. J.;Baker,J. V.;Bormann,A. M.;Erlandson,K. M.;Hullsiek,K. H.;Justice,A. C.;Neuhaus,J.;Paredes,R.;Petoumenos,K.;Wentworth,D.;Winston,A.;Wolfson,J.;Neaton,J. D.",Adjudicated morbidity and mortality outcomes by age among individuals with HIV infection on suppressive antiretroviral therapy.,PLoS ONE; 2014,2014,SMART/ESPRIT,Multicentre,1,RCT,42,,2008,3570,15351,Incidence - MI,Incidence - MI,40,0.002605693
4732,"Miller,C. J.;Baker,J. V.;Bormann,A. M.;Erlandson,K. M.;Hullsiek,K. H.;Justice,A. C.;Neuhaus,J.;Paredes,R.;Petoumenos,K.;Wentworth,D.;Winston,A.;Wolfson,J.;Neaton,J. D.",Adjudicated morbidity and mortality outcomes by age among individuals with HIV infection on suppressive antiretroviral therapy.,PLoS ONE; 2014,2014,SMART/ESPRIT,Multicentre,1,RCT,42,,2008,3570,15351,Mortality - CVD,Mortality - CVD,19,0.001237704
4732,"Miller,C. J.;Baker,J. V.;Bormann,A. M.;Erlandson,K. M.;Hullsiek,K. H.;Justice,A. C.;Neuhaus,J.;Paredes,R.;Petoumenos,K.;Wentworth,D.;Winston,A.;Wolfson,J.;Neaton,J. D.",Adjudicated morbidity and mortality outcomes by age among individuals with HIV infection on suppressive antiretroviral therapy.,PLoS ONE; 2014,2014,SMART/ESPRIT,Multicentre,1,RCT,42,,2008,3570,15351,Incidence - Stroke,Incidence - Stroke,10,0.000651423
4846,"Palella,F. J.;Jr.;Baker,R. K.;Buchacz,K.;Chmiel,J. S.;Tedaldi,E. M.;Novak,R. M.;Durham,M. D.;Brooks,J. T.;USA, HIV Outpatient Study Investigators",Increased mortality among publicly insured participants in the HIV Outpatient Study despite HAART treatment.,AIDS,2011,HOPS,,1,Cohort study,39,1996,2007,3569,19543,Mortality - CVD,Mortality - CVD,57,0.002916645
4953,"Rodger,A. J.;Lodwick,R.;Schechter,M.;Deeks,S.;Amin,J.;Gilson,R.;Paredes,R.;Bakowska,E.;Engsig,F. N.;Phillips,A.",Mortality in well controlled HIV in the continuous antiretroviral therapy arms of the SMART and ESPRIT trials compared with the general population.,AIDS,2013,SMART/ESPRIT,Multicentre,1,RCT,43,,,3280,12357,Mortality - CVD,Mortality - CVD,19,0.00153759
4953,"Rodger,A. J.;Lodwick,R.;Schechter,M.;Deeks,S.;Amin,J.;Gilson,R.;Paredes,R.;Bakowska,E.;Engsig,F. N.;Phillips,A.",Mortality in well controlled HIV in the continuous antiretroviral therapy arms of the SMART and ESPRIT trials compared with the general population.,AIDS,2013,SMART/ESPRIT,Multicentre,1,RCT,43,,,3280,12357,Mortality - MI,Mortality - MI,4,0.000323703
4953,"Rodger,A. J.;Lodwick,R.;Schechter,M.;Deeks,S.;Amin,J.;Gilson,R.;Paredes,R.;Bakowska,E.;Engsig,F. N.;Phillips,A.",Mortality in well controlled HIV in the continuous antiretroviral therapy arms of the SMART and ESPRIT trials compared with the general population.,AIDS,2013,SMART/ESPRIT,Multicentre,1,RCT,43,,,3280,12357,Mortality - Stroke,Mortality - Stroke,1,8.09E-05
4975,"Sackoff,J. E.;Hanna,D. B.;Pfeiffer,M. R.;Torian,L. V.",Causes of death among persons with AIDS in the era of highly active antiretroviral therapy: New York City.,Annals of Internal Medicine,2006,NYC,USA,1,Cohort study,46,1999,2004,68669,313331,Mortality - CVD,Mortality - CVD,738,0.002355337
4975,"Sackoff,J. E.;Hanna,D. B.;Pfeiffer,M. R.;Torian,L. V.",Causes of death among persons with AIDS in the era of highly active antiretroviral therapy: New York City.,Annals of Internal Medicine,2006,NYC,USA,1,Cohort study,46,1999,2004,68669,313331,Mortality - MI,Mortality - MI,84,0.000268087
4975,"Sackoff,J. E.;Hanna,D. B.;Pfeiffer,M. R.;Torian,L. V.",Causes of death among persons with AIDS in the era of highly active antiretroviral therapy: New York City.,Annals of Internal Medicine,2006,NYC,USA,1,Cohort study,46,1999,2004,68669,313331,Mortality - Stroke,Mortality - Stroke,71,0.000226597
5023,"Serraino,D.;Bruzzone,S.;Zucchetto,A.;Suligoi,B.;Paoli,A. de;Pennazza,S.;Camoni,L.;Maso,L. dal;Paoli,P. de;Rezza,G.",Elevated risks of death for diabetes mellitus and cardiovascular diseases in Italian AIDS cases.,AIDS Research and Therapy; 2010,2010,Italy,Italy,1,Cohort study,,1999,2005,9662,34814,Mortality - MI,Mortality - MI,17,0.000488309
5113,"Tedaldi,E.;Absalon,J.;Thomas,A. J.;Shlay,J. C.;BergWolf,M.","Ethnicity, race, and gender: differences in serious adverse events among participants in an antiretroviral initiation trial: results of CPCRA 058 (FIRST study).","JAIDS, Journal of Acquired Immune Deficiency Syndromes",2008,FIRST study,,,RCT,38,,,1397,5929,Incidence - CVD,Incidence - CVD,56,0.0094451
5115,The Antiretroviral Therapy Cohort Collaboration,"Causes of death in HIV-1-infected patients treated with antiretroviral therapy, 1996-2006: collaborative analysis of 13 HIV cohort studies.",Clinical Infectious Diseases,2010,ART Cohort Collaboration,,,Cohort study,37,1996,2006,1876,154667,Mortality - CVD,Mortality - CVD,126,0.000814653
5115,The Antiretroviral Therapy Cohort Collaboration,"Causes of death in HIV-1-infected patients treated with antiretroviral therapy, 1996-2006: collaborative analysis of 13 HIV cohort studies.",Clinical Infectious Diseases,2010,ART Cohort Collaboration,,,Cohort study,37,1996,2006,1876,154667,Mortality - MI,Mortality - MI,51,0.000329741
5115,The Antiretroviral Therapy Cohort Collaboration,"Causes of death in HIV-1-infected patients treated with antiretroviral therapy, 1996-2006: collaborative analysis of 13 HIV cohort studies.",Clinical Infectious Diseases,2010,ART Cohort Collaboration,,,Cohort study,37,1996,2006,1876,154667,Mortality - Stroke,Mortality - Stroke,23,0.000148707
5117,The Data Collection on Adverse Events of Anti-HIV drugs (D:A:D) Study Group,Factors associated with specific causes of death amongst HIV-positive individuals in the D:A:D study.,AIDS,2010,DAD,DAD,1,Cohort study,39,1999,2008,33308,180176,Mortality - CVD,Mortality - CVD,289,0.001603987
5117,The Data Collection on Adverse Events of Anti-HIV drugs (D:A:D) Study Group,Factors associated with specific causes of death amongst HIV-positive individuals in the D:A:D study.,AIDS,2010,DAD,DAD,1,Cohort study,39,1999,2008,33308,180176,Mortality - MI,Mortality - MI,157,0.00087137
5117,The Data Collection on Adverse Events of Anti-HIV drugs (D:A:D) Study Group,Factors associated with specific causes of death amongst HIV-positive individuals in the D:A:D study.,AIDS,2010,DAD,DAD,1,Cohort study,39,1999,2008,33308,180176,Mortality - Stroke,Mortality - Stroke,35,0.000194255
5148,"Triant,V. A.;Regan,S.;Lee Hang;Sax,P. E.;Meigs,J. B.;Grinspoon,S. K.",Association of immunologic and virologic factors with myocardial infarction rates in a US healthcare system.,"JAIDS, Journal of Acquired Immune Deficiency Syndromes",2010,RPDR,USA,1,Cohort study,46,1998,2008,6517,33237,Incidence - MI,Incidence - MI,273,0.008213738
5169,"Vaughn,G.;Detels,R.",Protease inhibitors and cardiovascular disease: analysis of the Los Angeles County adult spectrum of disease cohort.,AIDS Care,2007,ASD,,,Cohort study,35,1990,2000,5667,15550,Incidence - CVD,Incidence - CVD,80,0.005144695
5169,"Vaughn,G.;Detels,R.",Protease inhibitors and cardiovascular disease: analysis of the Los Angeles County adult spectrum of disease cohort.,AIDS Care,2007,ASD,,,Cohort study,35,1990,2000,5667,15550,Incidence - Stroke,Incidence - Stroke,35,0.002250804
5177,"Vinikoor,M. J.;Napravnik,S.;FlorisMoore,M.;Wilson,S.;Huang,D. Y.;Eron,J. J.",Incidence and clinical features of cerebrovascular disease among HIV-infected adults in the Southeastern United States.,AIDS Research and Human Retroviruses,2013,UCHCC,USA,1,Cohort study,39,1999,2010,2574,13708,Incidence - Stroke,Incidence - Stroke,31,0.002261453
4038,"Bozette,S.A.",Cardiovascular and cerebrovascular events in patients treated for HIV infection,,2003,VA-CCR,USA,1,Cohort study,,1993,2001,36766,121936,Mortality - CVD,Mortality - CVD,349,0.002862157
5347,"Bedimo, RJ;Westfall AO;Drechsler H;Vidiella G;Tebas P",Abacavir use and risk of acute myocardial infarction and cerebrovascular events in the highly active antiretroviral therapy era.,Clinical Infectious Diseases,2011,VA-CCR,USA,1,Cohort study,46,1996,2004,19424,76376,Mortality - MI,Mortality - MI,278,0.003639887
5735,"Jerico, C;Knobel H;Carmona A;Sorli ML;Lopez-Colomes JL;Pedro-Botet J",[Cardiovascular disease in HIV-infected patients on highly active antiretroviral therapy],Medicina clinica,2004,Barcelona,Spain,1,,,1999,2003,1459,5836,Incidence - CVD,Incidence - CVD,16,0.002741604
5735,"Jerico, C;Knobel H;Carmona A;Sorli ML;Lopez-Colomes JL;Pedro-Botet J",[Cardiovascular disease in HIV-infected patients on highly active antiretroviral therapy],Medicina clinica,2004,Barcelona,Spain,1,,,1999,2003,1459,5836,Incidence - MI,Incidence - MI,12,0.002056203
5735,"Jerico, C;Knobel H;Carmona A;Sorli ML;Lopez-Colomes JL;Pedro-Botet J",[Cardiovascular disease in HIV-infected patients on highly active antiretroviral therapy],Medicina clinica,2004,Barcelona,Spain,1,,,1999,2003,1459,5836,Incidence - Stroke,Incidence - Stroke,2,0.0003427
7777,"Overton,E.T.;Kitch,D.",Effect of Statin therapy in reducing risk of serious non-AIDS-defining events and nonaccidental death,,2013,ALLRT,USA,1,Cohort study,39,,2009,3601,15135,Incidence - CVD,Incidence - CVD,62,0.004096465
7777,"Overton,E.T.;Kitch,D.",Effect of Statin therapy in reducing risk of serious non-AIDS-defining events and nonaccidental death,,2013,ALLRT,USA,1,Cohort study,39,,2009,3601,15135,Incidence - MI,Incidence - MI,36,0.002378593
7777,"Overton,E.T.;Kitch,D.",Effect of Statin therapy in reducing risk of serious non-AIDS-defining events and nonaccidental death,,2013,ALLRT,USA,1,Cohort study,39,,2009,3601,15135,Incidence - Stroke,Incidence - Stroke,26,0.001717872
7778,"Currier,J.; Taylor,A.",Coronary Heart Disease in HIV-infected Individuals,,2003,Medi-Cal,USA,1,Cohort study,39,1994,2000,28513,71286,Incidence - MI,Incidence - MI,294,0.004124232
7779,"Gardner, L.I.,Klein, R.S.",Rates and Risk factors for Condition-Specific Hospitalitations in HIV-infected and Uninfected Women,,2003,HERS,USA,1,Cohort study,38,1993,2000,885,3803,Incidence - CVD,Incidence - CVD,159,0.041809098
7779,"Gardner, L.I.,Klein, R.S.",Rates and Risk factors for Condition-Specific Hospitalitations in HIV-infected and Uninfected Women,,2003,HERS,USA,1,Cohort study,38,1993,1999,885,3803,Incidence - MI,Incidence - MI,3,0.000788851
7780,"Hasse, B;Ledergerber,B",Morbidity and Aging in HIV-infected Persons: The Swiss cohort study,,2011,Swiss HIV,Switzerland,1,Cohort study,36,2008,2010,8444,22591,Incidence - MI,Incidence - MI,55,0.002434598
7780,"Hasse, B;Ledergerber,B",Morbidity and Aging in HIV-infected Persons: The Swiss cohort study,,2011,Swiss HIV,Switzerland,1,Cohort study,36,2008,2010,8444,22591,Incidence - Stroke,Incidence - Stroke,39,0.001726351
7781,"Kwong, G.P.S.; Ghani, A.C.",Comparison of the risk of atherosclerotic events versus death from other causes associated with antiretroviral use,,2006,Athena (HOPS)/Insight,USA,1,Cohort study,36,1983,2004,18603,77480,Incidence - CVD,Incidence - CVD,208,0.002684564
7781,"Kwong, G.P.S.; Ghani, A.C.",Comparison of the risk of atherosclerotic events versus death from other causes associated with antiretroviral use,,2006,Athena (HOPS)/Insight,USA,1,Cohort study,36,1983,2004,18603,77480,Incidence - MI,Incidence - MI,92,0.001187403
7781,"Kwong, G.P.S.; Ghani, A.C.",Comparison of the risk of atherosclerotic events versus death from other causes associated with antiretroviral use,,2006,Athena (HOPS)/Insight,USA,1,Cohort study,36,1983,2004,18603,77480,Incidence - Stroke,Incidence - Stroke,71,0.000916366
7783,"Marcus,J. L.;Neugebauer,R. S.",Use of abacavir and risk of cardiovascular disease among HIV-infected individuals,,2016,KPNC KPSC,USA,1,Cohort study,42,1998,2011,8154,34472,Incidence - CVD,Incidence - CVD,110,0.003190996
7785,"Coplan,P. M.;Nikas,A. A",Incidence in Myocardial Infarction in randomised Clinical Trials of Protease-inhibitor based ART,,2003,,Multicentre,1,RCT,38,1999,,2402,2150,Incidence - MI,Incidence - MI,5,0.002325581
7785,"Coplan,P. M.;Nikas,A. A",Incidence in Myocardial Infarction in randomised Clinical Trials of Protease-inhibitor based ART,,2003,,Multicentre,1,RCT,37,1999,,2680,2596,Incidence - MI,Incidence - MI,6,0.002311248
7785,"Coplan,P. M.;Nikas,A. A",Incidence in Myocardial Infarction in randomised Clinical Trials of Protease-inhibitor based ART,,2003,,Multicentre,1,RCT,37,1999,,4675,5671,Incidence - MI,Incidence - MI,7,0.00123435
7785,"Coplan,P. M.;Nikas,A. A",Incidence in Myocardial Infarction in randomised Clinical Trials of Protease-inhibitor based ART,,2003,,Multicentre,1,RCT,37,1999,,1229,1234,Incidence - MI,Incidence - MI,1,0.000810373
7790,"Reisler,R.B.;Han,C.,Burmann,W.J.",Grade 4 Events are as important as AIDS events in the Era of HAART,Journal of acquired immune deficiency syndromes,2003,CPCRA,USA,1,Cohort study,39.3,1996,2001,2947,5940,Incidence - CVD,Incidence - CVD,51,0.008585859
7791,"Marin,B.;Thiebaut,R.;Bucher,H.C.",Non-AIDS defining deaths and immunodeficiency in the era of combination antiretroviral therapy,AIDS,2012,CASCADE,Multicentre,1,Cohort study,,1996,2006,9858,71230,Mortality - CVD,Mortality - CVD,36,0.000505405
7793,"Martinez,E;Milinkovic,A.;Buira,E.",Incidence and causes of death in HIV-infected persons receiveing highly active antiretroviral therapy compared with estimates for the general population of similar age and the same geographical area,HIV Medicine,2007,Spain,Spain,1,Cohort study,,1997,2003,4471,34400,Mortality - CVD,Mortality - CVD,14,0.000406977
7794,"Reekie,J.;Gatell,J.;Yust,I.",Fatal and nonfatal AIDS and non-AIDS events in HIV-1-positive individuals with high CD4 cell counts according to viral load strata,AIDS,2011,EuroSIDA,Europe+Argentina+Israel,1,Cohort study,,1994,2001,10869,43784,Incidence - CVD,Incidence - CVD,208,0.004750594
7795,"Masia,M.;Padilla,S.;Alvarez,D.","Risk,predictors,and mortality associated with non-AIDS events in newly diagnosed HIV-infected patients: role of antiretroviral therapy",AIDS,2013,CoRIS,Spain,1,Cohort study,36,2004,2010,5185,12669,Incidence - CVD,Incidence - CVD,34,0.002683716
7795,"Masia,M.;Padilla,S.;Alvarez,D.","Risk,predictors,and mortality associated with non-AIDS events in newly diagnosed HIV-infected patients: role of antiretroviral therapy",AIDS,2013,CoRIS,Spain,1,Cohort study,36,2004,2010,5185,12669,Incidence - MI,Incidence - MI,15,0.001183992
7795,"Masia,M.;Padilla,S.;Alvarez,D.","Risk,predictors,and mortality associated with non-AIDS events in newly diagnosed HIV-infected patients: role of antiretroviral therapy",AIDS,2013,CoRIS,Spain,1,Cohort study,36,2004,2010,5185,12669,Incidence - Stroke,Incidence - Stroke,7,0.00055253
7796,"Rickerts,V.;Brodt,H.R.;Staszewski,S.",Incidence of Myocardial Infarction in HIV-infected patients between 1983 and 1998: The Frankfurt Cohort Study,European Journal of Medical Research,2000,Frankfurt,Germany,,Cohort study,31.9,1983,1998,4993,16478,Incidence - MI,Incidence - MI,29,0.001759922
8000,"Rasmussen,L.;_May MT2,_Kronborg G3,_Larsen CS4,_Pedersen C5,_Gerstoft J6,_Obel N6.",Time trends for risk of severe age-related diseases in individuals with and without HIV infection in Denmark: a nationwide population-based cohort study.,Lancet HIV.,2015,Danish HIV,Denmark,1,CCS,36,1995,2014,5897,56953,Incidence - MI,Incidence - MI,170,
8000,"Rasmussen,L.;_May MT2,_Kronborg G3,_Larsen CS4,_Pedersen C5,_Gerstoft J6,_Obel N6.",Time trends for risk of severe age-related diseases in individuals with and without HIV infection in Denmark: a nationwide population-based cohort study.,Lancet HIV.,2015,Danish HIV,Denmark,1,CCS,36,1995,2014,5897,56777,Incidence - Stroke,Incidence - Stroke,222,
5347,"Bedimo, RJ;Westfall AO;Drechsler H;Vidiella G;Tebas P",Abacavir use and risk of acute myocardial infarction and cerebrovascular events in the highly active antiretroviral therapy era.,Clinical Infectious Diseases,2011,VA-CCR,USA,1,Cohort study,46,1996,2004,19424,76376,Mortality - Stroke,Mortality - Stroke,868,0.011364827